"","row","words_1970","n_1970","NA","words_1975","n_1975","NA","words_1980","n_1980","NA","words_1985","n_1985","NA","words_1990","n_1990","NA","words_1995","n_1995","NA","words_2000","n_2000","NA","words_2005","n_2005","NA","words_2010","n_2010","NA","words_2015","n_2015","NA"
"1",1,"explosive",691,0.0342979103588624,"explosive",2777,0.0909597117589256,"explosive",5110,0.081690726264128,"explosive",6680,0.0992747592438473,"explosive",5496,0.0838098723637861,"firearm",2407,0.0380090640643012,"attack",2423,0.0205114747437124,"attack",21302,0.0814418051620846,"attack",46052,0.0770930567366863,"attack",9687,0.0557531597486014
"2",2,"firearm",489,0.0242716037127116,"firearm",1155,0.0378316410088438,"firearm",4507,0.072050900836091,"firearm",5016,0.0745452383783141,"firearm",4746,0.0723729356329201,"explosive",1921,0.0303346124086093,"bomb",1536,0.0130027342989444,"motive",8591,0.0328451107007543,"responsibility",16085,0.0269269916096934,"claimed",6131,0.0352867371135207
"3",3,"bomb",445,0.0220876557303817,"incendiary",879,0.0287913527677694,"automatic",3983,0.0636740044442313,"automatic",4780,0.071037926524789,"automatic",4565,0.0696128215685377,"bomb",1161,0.0183334122885973,"civilians",1424,0.012054618256313,"specific",8391,0.0320804707123768,"claimed",15878,0.0265804645805851,"responsibility",6128,0.0352694707277206
"4",4,"united",321,0.0159328932347248,"automatic",842,0.0275794300687848,"military",1801,0.0287915847361437,"unit",1585,0.0235554630840566,"pistol",2134,0.0325418973115574,"police",1052,0.0166121875345429,"police",1287,0.0108948691684514,"responsibility",5444,0.0208135004836348,"motive",12692,0.0212469616108317,"incident",5237,0.0301413541450837
"5",5,"building",238,0.011813173177148,"pistol",458,0.015001637733377,"unit",1555,0.0248589196361485,"pistol",1500,0.0222922363571514,"incendiary",1488,0.0226908824740382,"attack",771,0.0121749017006964,"killed",1233,0.0104377417907542,"claimed",4051,0.0154877829645857,"incident",12656,0.021186696040552,"explosive",3636,0.0209268595897507
"6",6,"police",228,0.0113168213629821,"office",454,0.0148706190632165,"incendiary",807,0.0129010599012038,"military",1491,0.0221584829390084,"unit",1411,0.0215166903030026,"incendiary",540,0.00852716850632432,"incident",1054,0.00892244918690584,"explosive",3315,0.0126739078073566,"specific",12566,0.0210360321148528,"device",2960,0.0170361673227893
"7",7,"protest",224,0.0111182806373157,"police",337,0.0110383229610219,"police",792,0.012661263248765,"incendiary",1026,0.0152478896682915,"line",649,0.00989676258444272,"vehicle",504,0.0079586906059027,"specific",985,0.00833834198207045,"device",3211,0.0122762950134003,"explosive",11366,0.0190271797721961,"assailants",2782,0.0160116950986486
"8",8,"catholic",220,0.0109197399116494,"bomb",290,0.0094988535866361,"pistol",732,0.0117020766390101,"police",1007,0.0149655213411009,"office",570,0.00869207191545816,"bus",480,0.00757970533895495,"injured",800,0.00677225744736686,"civilians",3189,0.0121921846146788,"device",9875,0.0165311807364453,"killed",2558,0.0147224716255727
"9",9,"perpetrators",203,0.0100759418275674,"station",272,0.00890926957091386,"town",557,0.00890444902722491,"line",869,0.012914635596243,"station",563,0.00858532717263675,"civilians",450,0.00710597375527026,"motive",789,0.00667913890746557,"police",3151,0.0120469030168871,"killed",7029,0.0117668525971113,"detonated",2250,0.0129497893500932
"10",10,"casualties",201,0.0099766714647342,"bank",267,0.00874549623321323,"office",479,0.00765750643454351,"office",765,0.0113690405421472,"tower",515,0.00785336322186132,"army",416,0.00656907796042762,"claimed",745,0.00630666474786039,"bomb",2819,0.0107776006361805,"assailants",6865,0.0114923094436149,"city",2156,0.012408775928356
"11",11,"incendiary",198,0.00982776592048444,"firearms",254,0.00831968555519162,"station",460,0.00735376400812111,"tension",686,0.0101949827606706,"tension",513,0.00782286472391235,"station",388,0.00612692848232192,"responsibility",725,0.00613735831167622,"killed",2733,0.0104488054411782,"police",6859,0.0114822651819016,"blast",1997,0.0114936574809494
"12",12,"protestant",197,0.00977813073906785,"protestant",224,0.00733704552898788,"line",429,0.00685818425974773,"tower",664,0.00986802996076566,"vehicle",503,0.00767037223416747,"office",376,0.00593743584884804,"suspected",651,0.00551092449779478,"improvised",2718,0.0103914574420498,"city",6655,0.01114076028365,"sources",1932,0.0111195524552801
"13",13,"office",178,0.00883506229215268,"pistols",202,0.00661644284310514,"post",407,0.00650648250283759,"station",546,0.00811437403400309,"defused",481,0.00733488875672873,"village",375,0.00592164479605855,"people",648,0.00548552853236716,"iraq",2627,0.0100435462473381,"bomb",6569,0.0109967925324262,"injured",1881,0.0108260238966779
"14",14,"bank",165,0.00818980493373703,"catholic",192,0.0062888961677039,"tower",383,0.00612280785893562,"bus",530,0.00787659017952681,"bus",471,0.00718239626698385,"killed",371,0.0058584805849006,"rebels",626,0.00529929145256457,"firearms",2173,0.00830781347372123,"detonated",5976,0.0100040846664301,"province",1829,0.0105267398761425
"15",15,"california",148,0.00734600684965504,"party",165,0.00540452014412054,"bank",370,0.00591498409348872,"post",470,0.00698490072524076,"police",435,0.00663342330390228,"car",357,0.00563740584584774,"algeria",554,0.00468978828230155,"reported",2035,0.00778021188174078,"iraq",5218,0.00873515960331862,"iraq",1794,0.0103252987084743
"16",16,"university",144,0.00714746612398868,"building",157,0.00514248280379954,"bomb",365,0.00583505187600914,"vehicle",462,0.00686600879800262,"branch",385,0.00587096085517788,"grenade",356,0.00562161479305825,"india",540,0.00457127377697263,"al",1777,0.00679382629673384,"province",5036,0.00843048366468237,"governorate",1656,0.00953104496166862
"17",17,"automatic",142,0.00704819576115551,"guard",148,0.00484769079593842,"tension",339,0.00541940434511534,"town",435,0.00646474854357389,"bank",379,0.00577946536133095,"knife",310,0.00489522636474174,"islamic",522,0.00441889798440688,"baghdad",1522,0.00581891031155256,"vehicle",4885,0.00817770307823141,"people",1574,0.00905909708313189
"18",18,"sniper",118,0.00585695140715739,"store",147,0.0048149361283983,"bus",338,0.00540341790161943,"bomb",431,0.00640530257995482,"grenade",372,0.00567272061850954,"algeria",309,0.00487943531195225,"army",498,0.00421573026098587,"targeted",1503,0.0057462695126567,"governorate",4875,0.0081609626420426,"vehicle",1439,0.0082821097221263
"19",19,"pipe",108,0.00536059959299151,"u.s",146,0.00478218146085817,"patrol",336,0.0053714450146276,"bank",429,0.00637557959814529,"residence",367,0.0055964743736371,"suspected",286,0.00451624109779399,"colombia",483,0.00408875043384774,"assailants",1469,0.00561628071463253,"civilians",4804,0.00804210554510208,"baghdad",1422,0.00818426686925893
"20",20,"firebomb",102,0.00506278850449198,"offices",136,0.00445463478545693,"dynamite",315,0.00503572970121337,"power",372,0.00552847461657353,"patrol",365,0.00556597587568812,"military",283,0.00446886793942552,"district",481,0.00407181979022933,"target",1393,0.00532571751904909,"roadside",4594,0.00769055638513717,"specific",1422,0.00818426686925893
"21",21,"car",101,0.0050131533230754,"residence",131,0.00429086144775631,"building",285,0.00455613639633591,"electrical",357,0.00530555225300202,"knife",345,0.00526099089619836,"perpetrators",270,0.00426358425316216,"exploded",481,0.00407181979022933,"district",1386,0.00529895511945588,"district",4480,0.00749971541258479,"motive",1421,0.00817851140732555
"22",22,"damages",100,0.00496351814165881,"car",126,0.00412708811005568,"offices",282,0.00450817706584816,"mine",319,0.00474081559862085,"village",330,0.00503225216158104,"people",268,0.00423200214758318,"perpetrators",459,0.00388558271042674,"vehicle",1295,0.00495104392474413,"al",4310,0.0072151279973751,"al",1412,0.00812671224992518
"23",23,"dynamite",100,0.00496351814165881,"embassy",125,0.00409433344251556,"israeli",260,0.00415647530893802,"patrol",314,0.00466650814409702,"bomb",292,0.0044527807005505,"caliber",265,0.00418462898921471,"station",459,0.00388558271042674,"claim",1254,0.00479429272712675,"blast",4228,0.0070778564206269,"district",1396,0.00803462485899118
"24",24,"bombed",96,0.00476497741599246,"national",124,0.00406157877497543,"car",258,0.00412450242194619,"car",298,0.00442872428962073,"rocket",277,0.00422404196593318,"patrol",264,0.00416883793642522,"car",448,0.00379246417052544,"civilian",1167,0.00446167433218255,"injured",4222,0.00706781215891361,"civilians",1364,0.00785045007712319
"25",25,"sustained",90,0.00446716632749293,"civil",108,0.00353750409433344,"power",254,0.00406055664796253,"offices",283,0.00420580192604922,"store",272,0.00414779572106074,"injured",263,0.00415304688363573,"shot",437,0.00369934563062415,"car",1165,0.00445402793229878,"sources",3814,0.00638480236241036,"soldiers",1315,0.00756843244238783
"26",26,"station",89,0.00441753114607634,"bus",104,0.00340648542417294,"electrical",239,0.0038207599955238,"village",282,0.00419094043514445,"town",261,0.00398005398234137,"incident",244,0.00385301688063543,"attacked",436,0.00369088030881494,"province",1146,0.00438138713340292,"targeted",3790,0.00634462531555722,"police",1173,0.00675115684784861
"27",27,"center",88,0.00436789596465975,"patrol",104,0.00340648542417294,"street",234,0.00374082777804422,"private",276,0.00410177148971585,"offices",244,0.00372081674977507,"party",233,0.00367931529995105,"bus",428,0.00362315773434127,"detonated",1105,0.00422463593578553,"firearms",3368,0.00563817890838964,"explosives",1055,0.00607201233971039
"28",28,"u.s",87,0.00431826078324316,"center",102,0.0033409760890927,"embassy",225,0.00359694978658098,"street",261,0.00387884912614433,"center",234,0.00356832426003019,"attacked",204,0.00322137476905585,"militants",412,0.00348771258539393,"explosives",1087,0.00415581833683156,"improvised",3126,0.00523306035262055,"casualties",1044,0.00600870225844326
"29",29,"army",86,0.00426862560182657,"radio",99,0.00324271208647232,"store",214,0.00342109890812591,"grenade",258,0.00383426465343003,"street",232,0.00353782576208122,"bank",203,0.00320558371626636,"explosive",411,0.00347924726358473,"iraqi",1060,0.0040525919384006,"pakistan",3082,0.0051594024333898,"fire",1023,0.00588783755784239
"30",30,"school",82,0.00407008487616022,"home",98,0.0032099574189322,"vehicle",203,0.00324524802967084,"home",235,0.00349245036262038,"building",221,0.00337008402336185,"town",200,0.0031582105578979,"israeli",409,0.00346231661996631,"wounded",1047,0.00400289033915607,"patrol",3028,0.00506900407797026,"reported",983,0.0056576190805074
"31",31,"store",82,0.00407008487616022,"chief",94,0.0030789387487717,"truck",191,0.00305341070771985,"center",226,0.00335869694447747,"policeman",221,0.00337008402336185,"building",199,0.00314241950510841,"village",403,0.00341152468911106,"killing",1046,0.00399906713921418,"fire",3025,0.00506398194711361,"laden",935,0.00538135690770541
"32",32,"york",79,0.00392117933191046,"vehicle",94,0.0030789387487717,"san",190,0.00303742426422394,"party",213,0.00316549756271549,"post",212,0.00323284078259146,"islamic",195,0.00307925529395045,"soldiers",401,0.00339459404549264,"suspected",1041,0.00397995113950474,"soldiers",2850,0.00477102431380952,"village",931,0.00535833505997191
"33",33,"black",76,0.00377227378766069,"consulate",93,0.00304618408123158,"grenade",185,0.00295749204674436,"mayor",206,0.00306146712638212,"male",203,0.00309559754182107,"post",195,0.00307925529395045,"algerian",398,0.00336919808006501,"roadside",1033,0.00394936553996964,"people",2642,0.00442282324108237,"roadside",833,0.00479429979050119
"34",34,"city",73,0.00362336824341093,"military",90,0.0029479200786112,"city",181,0.0028935462727607,"building",201,0.00298715967185828,"army",196,0.00298885279899965,"colombia",190,0.003000300030003,"device",389,0.00329301018378214,"militants",1024,0.00391495674049266,"checkpoint",2579,0.0043173584930929,"bomb",791,0.00455257038929944
"35",35,"molotov",71,0.00352409788057775,"post",90,0.0029479200786112,"firearms",181,0.0028935462727607,"govt",197,0.00292771370823921,"car",195,0.00297360355002516,"mine",189,0.00298450897721351,"reported",384,0.00325068357473609,"people",1023,0.00391113354055077,"officers",2461,0.00411982134606499,"pakistan",732,0.00421299813523033
"36",36,"embassy",69,0.00342482751774458,"government",86,0.0028169014084507,"army",178,0.00284558694227295,"truck",184,0.00273451432647723,"embassy",177,0.00269911706848438,"automatic",188,0.00296871792442402,"government",376,0.00318296100026242,"injured",985,0.00376585194275905,"officer",2441,0.00408634047368738,"devices",709,0.00408062251076271
"37",37,"american",68,0.00337519233632799,"political",83,0.00271863740583033,"guard",177,0.00282960049877704,"army",182,0.0027047913446677,"pipeline",177,0.00269911706848438,"casualties",181,0.00285818055489759,"wounded",373,0.0031575650348348,"government",981,0.0037505591429915,"baghdad",2298,0.00384695223618747,"defused",702,0.00404033427722909
"38",38,"device",67,0.0033255571549114,"house",81,0.00265312807075008,"radio",176,0.00281361405528112,"bldg",168,0.00249673047200095,"military",174,0.00265336932156091,"soldiers",177,0.00279501634373964,"forces",368,0.00311523842578876,"fired",954,0.00364733274456054,"town",2185,0.00365778530725397,"discovered",696,0.00400580150562884
"39",39,"firearms",66,0.00327592197349481,"army",78,0.00255486406812971,"bridge",162,0.00258980384633831,"store",165,0.00245214599928665,"mine",172,0.00262287082361194,"exploded",172,0.00271606107979219,"province",362,0.0030644464949335,"casualties",947,0.00362057034496733,"wounded",2183,0.0036544372200162,"town",694,0.00399429058176209
"40",40,"john",66,0.00327592197349481,"de",77,0.00252210940058958,"national",162,0.00258980384633831,"branch",164,0.00243728450838188,"persons",172,0.00262287082361194,"claimed",169,0.00266868792142372,"national",352,0.00297979327684142,"shot",945,0.00361292394508356,"village",2178,0.0036460670019218,"checkpoint",684,0.00393673596242834
"41",41,"america",64,0.00317665161066164,"jose",77,0.00252210940058958,"center",161,0.00257381740284239,"rocket",158,0.00234811556295328,"train",171,0.00260762157463745,"india",167,0.00263710581584474,"security",351,0.00297132795503221,"weapons",918,0.0035096975466526,"civilian",2148,0.00359584569335539,"forces",681,0.00391946957662822
"42",42,"military",64,0.00317665161066164,"hotel",76,0.00248935473304946,"rocket",155,0.0024778987418669,"residence",156,0.00231839258114374,"truck",168,0.00256187382771399,"damage",161,0.00254235949910781,"military",350,0.002962862633223,"afghanistan",906,0.00346381914734995,"explosives",2057,0.00344350772403726,"patrol",675,0.00388493680502797
"43",43,"service",64,0.00317665161066164,"town",76,0.00248935473304946,"de",154,0.00246191229837098,"radio",154,0.00228866959933421,"leader",157,0.00239413208899462,"turkish",160,0.00252656844631832,"office",342,0.00289514005874933,"perpetrators",893,0.00341411754810541,"reported",2051,0.00343346346232397,"afghanistan",667,0.00383889310956097
"44",44,"draft",63,0.00312701642924505,"democratic",73,0.00239109073042909,"party",152,0.00242993941137915,"city",141,0.00209547021757223,"mayor",152,0.00231788584412218,"market",159,0.00251077739352883,"killing",330,0.00279355619703883,"exploded",854,0.00326501275037181,"car",2034,0.00340500472080301,"security",640,0.00368349563735985
"45",45,"national",63,0.00312701642924505,"christian",71,0.00232558139534884,"civil",150,0.00239796652438732,"de",140,0.00208060872666746,"power",151,0.00230263659514769,"district",158,0.00249498634073934,"assailants",324,0.00274276426618358,"gunmen",846,0.00323442715083671,"afghanistan",2006,0.00335813149947435,"officers",628,0.00361443009415936
"46",46,"pistols",62,0.00307738124782846,"bldg",67,0.00219456272518834,"home",150,0.00239796652438732,"guard",137,0.00203602425395316,"home",150,0.0022873873461732,"responsibility",155,0.00244761318237087,"fire",324,0.00274276426618358,"pakistan",843,0.00322295755101105,"station",1827,0.00305847769169473,"civilian",623,0.00358565278449248
"47",47,"san",62,0.00307738124782846,"leader",67,0.00219456272518834,"grenades",148,0.00236599363739549,"dynamite",131,0.00194685530852455,"stones",141,0.00215014410540281,"center",152,0.0024002400240024,"kashmir",313,0.00264964572628228,"school",742,0.00283681435688042,"casualties",1811,0.00303169299379265,"neighborhood",622,0.00357989732255911
"48",48,"offices",61,0.00302774606641187,"vehicles",67,0.00219456272518834,"peasants",145,0.00231803430690774,"abortion",128,0.00190227083581025,"officer",138,0.00210439635847934,"school",149,0.00235286686563393,"grenade",308,0.00260731911723624,"suicide",725,0.00277181995786834,"security",1757,0.0029412946383731,"mortars",614,0.00353385362709211
"49",49,"fire",60,0.00297811088499528,"policeman",66,0.00216180805764822,"electric",144,0.00230204786341183,"grenades",128,0.00190227083581025,"headquarters",136,0.00207389786053037,"turkey",146,0.00230549370726546,"town",305,0.00258192315180862,"security",716,0.00273741115839135,"defused",1682,0.00281574136695706,"person",575,0.00330939061169049
"50",50,"puerto",60,0.00297811088499528,"president",66,0.00216180805764822,"french",143,0.00228606141991591,"school",127,0.00188740934490548,"ak",135,0.00205864861155588,"killing",145,0.00228970265447597,"vehicle",305,0.00258192315180862,"village",700,0.00267623995932115,"military",1649,0.002760497927534,"rockets",567,0.0032633469162235
"51",51,"selective",60,0.00297811088499528,"rifle",66,0.00216180805764822,"owned",132,0.00211021054146084,"hotel",123,0.00182796338128641,"dynamite",134,0.00204339936258139,"security",144,0.00227391160168648,"indian",304,0.00257345782999941,"taliban",694,0.00265330075966983,"attacked",1628,0.00272534301153751,"house",565,0.00325183599235675
"52",52,"damaged",59,0.0029284757035787,"john",65,0.00212905339010809,"st",126,0.00201429188048535,"convoy",122,0.00181310189038164,"national",134,0.00204339936258139,"unidentified",143,0.00225812054889699,"weapons",295,0.00249726993371653,"grenade",692,0.00264565435978605,"government",1557,0.00260648591459699,"market",561,0.00322881414462325
"53",53,"james",59,0.0029284757035787,"puerto",65,0.00212905339010809,"rifle",123,0.0019663325499976,"personnel",122,0.00181310189038164,"city",132,0.00201290086463242,"northern",142,0.00224232949610751,"al",293,0.00248033929009811,"fire",690,0.00263800795990228,"forces",1463,0.00244912581442222,"noted",557,0.00320579229688975
"54",54,"r.o.t.c",59,0.0029284757035787,"newspaper",64,0.00209629872256797,"jose",121,0.00193435966300577,"public",122,0.00181310189038164,"minister",130,0.00198240236668344,"reported",142,0.00224232949610751,"injuries",293,0.00248033929009811,"unidentified",688,0.0026303615600185,"grenade",1423,0.002382164069667,"officer",544,0.00313097129175588
"55",55,"department",57,0.00282920534074552,"branch",61,0.00199803471994759,"mine",121,0.00193435966300577,"pylon",122,0.00181310189038164,"abortion",124,0.00189090687283651,"residence",142,0.00224232949610751,"iraq",287,0.00242954735924286,"station",667,0.00255007436123887,"laden",1405,0.00235203128452715,"attacked",542,0.00311946036788913
"56",56,"branch",51,0.00253139425224599,"director",60,0.00196528005240747,"attacked",119,0.00190238677601394,"embassy",120,0.00178337890857211,"israeli",124,0.00189090687283651,"armed",140,0.00221074739052853,"building",284,0.00240415139381524,"forces",662,0.00253095836152943,"school",1379,0.00230850615043626,"suspected",542,0.00311946036788913
"57",57,"company",51,0.00253139425224599,"molotov",60,0.00196528005240747,"el",118,0.00188640033251802,"towers",118,0.00175365592676257,"mortar",124,0.00189090687283651,"fire",137,0.00216337423216006,"home",283,0.00239568607200603,"soldiers",657,0.00251184236182,"shiite",1374,0.00230013593234185,"islamic",512,0.00294679650988788
"58",58,"set",51,0.00253139425224599,"united",58,0.00189977071732722,"government",112,0.00179048167154253,"civil",117,0.00173879443585781,"school",122,0.00186040837488754,"forces",137,0.00216337423216006,"fired",282,0.00238722075019682,"bombing",635,0.00242773196309847,"rocket",1364,0.00228339549615305,"attributed",510,0.00293528558602113
"59",59,"guard",50,0.0024817590708294,"airlines",56,0.00183426138224697,"leader",112,0.00179048167154253,"train",112,0.00166448698133397,"catholic",115,0.00175366363206612,"offices",137,0.00216337423216006,"bank",277,0.00234489414115078,"party",627,0.00239714636356338,"devices",1352,0.00226330697272648,"related",499,0.00287197550475401
"60",60,"white",50,0.0024817590708294,"public",55,0.00180150671470685,"la",111,0.00177449522804662,"knife",111,0.0016496254904292,"district",114,0.00173841438309163,"home",136,0.00214758317937057,"liberation",271,0.00229410221029552,"wounding",623,0.00238185356379583,"speculated",1352,0.00226330697272648,"wounded",493,0.00283744273315376
"61",61,"african",49,0.00243212388941282,"dynamite",54,0.00176875204716672,"bombs",110,0.0017585087845507,"municipal",111,0.0016496254904292,"hotel",111,0.00169266663616817,"truck",136,0.00214758317937057,"chechnya",266,0.00225177560124948,"india",617,0.0023589143641445,"convoy",1347,0.00225493675463208,"larger",486,0.00279715449962014
"62",62,"headquarters",49,0.00243212388941282,"officer",52,0.00170324271208647,"headquarters",104,0.00166259012357521,"company",110,0.00163476399952443,"carrying",109,0.00166216813821919,"leader",135,0.00213179212658108,"russian",266,0.00225177560124948,"officers",616,0.00235509116420261,"soldier",1339,0.00224154440568103,"violence",485,0.00279139903768676
"63",63,"pistol",48,0.00238248870799623,"school",52,0.00170324271208647,"company",103,0.00164660368007929,"jose",108,0.0016050410177149,"local",108,0.0016469188892447,"villagers",135,0.00213179212658108,"detonated",260,0.00220098367039423,"injuring",602,0.00230156636501619,"rockets",1323,0.00221475970777895,"trend",482,0.00277413265188664
"64",64,"sabotage",48,0.00238248870799623,"plant",51,0.00167048804454635,"telephone",102,0.00163061723658338,"family",106,0.00157531803590536,"convoy",104,0.00158592189334675,"oil",131,0.00206862791542312,"bombs",258,0.00218405302677581,"damage",599,0.00229009676519053,"weapons",1300,0.00217625670454469,"carried",472,0.00271657803255289
"65",65,"suspected",47,0.00233285352657964,"city",50,0.00163773337700622,"explosives",101,0.00161463079308746,"railway",106,0.00157531803590536,"hostel",103,0.00157067264437226,"kosovo",128,0.00202125475705465,"armed",256,0.0021671223831574,"islamic",582,0.00222510236617844,"gunmen",1247,0.00208753239274403,"stated",448,0.0025784469461519
"66",66,"damage",45,0.00223358316374646,"antonio",49,0.0016049787094661,"plant",101,0.00161463079308746,"al",105,0.00156045654500059,"de",102,0.00155542339539778,"stones",128,0.00202125475705465,"authorities",250,0.00211633045230214,"thailand",568,0.00217157756699202,"shot",1218,0.00203898512779649,"military",443,0.00254966963648502
"67",67,"gasoline",45,0.00223358316374646,"hq",49,0.0016049787094661,"school",100,0.00159864434959155,"san",104,0.00154559505409583,"official",101,0.00154017414642329,"convoy",127,0.00200546370426516,"convoy",250,0.00211633045230214,"incident",552,0.00211040636792182,"discovered",1201,0.00201052638627552,"station",442,0.00254391417455165
"68",68,"consulate",44,0.00218394798232988,"airport",48,0.00157222404192597,"director",99,0.00158265790609563,"central",101,0.00150101058138152,"u.s",100,0.0015249248974488,"device",127,0.00200546370426516,"indiscriminate",249,0.00210786513049294,"attacked",541,0.00206835116856106,"house",1156,0.0019351944234259,"convoy",411,0.00236549485461703
"69",69,"patrol",44,0.00218394798232988,"owned",48,0.00157222404192597,"branch",98,0.00156667146259972,"protest",100,0.00148614909047676,"chapel",97,0.00147917715052534,"province",122,0.00192650844031772,"party",248,0.00209939980868373,"city",540,0.00206452796861917,"taliban",1139,0.00190673568190493,"targeted",401,0.00230794023528328
"70",70,"recruiting",44,0.00218394798232988,"headquarters",47,0.00153946937438585,"ministry",98,0.00156667146259972,"leader",99,0.00147128759957199,"camp",96,0.00146392790155085,"sri",122,0.00192650844031772,"sources",248,0.00209939980868373,"algeria",532,0.00203394236908408,"army",1137,0.00190338759466717,"posited",396,0.00227916292561641
"71",71,"war",44,0.00218394798232988,"communist",46,0.00150671470684573,"railway",96,0.00153469857560788,"la",98,0.00145642610866722,"rifle",95,0.00144867865257636,"policeman",121,0.00191071738752823,"casualties",242,0.00204860787782848,"office",532,0.00203394236908408,"leader",1092,0.00182805563181754,"assault",392,0.00225614107788291
"72",72,"william",44,0.00218394798232988,"company",45,0.0014739600393056,"railroad",95,0.00151871213211197,"plant",97,0.00144156461776245,"bldg",94,0.00143342940360187,"rocket",121,0.00191071738752823,"city",242,0.00204860787782848,"patrol",513,0.00196130157018822,"remote",1085,0.00181633732648538,"bombs",387,0.00222736376821604
"73",73,"firebombed",43,0.00213431280091329,"municipal",45,0.0014739600393056,"force",94,0.00150272568861605,"barracks",95,0.00141184163595292,"battalion",93,0.00141818015462738,"national",119,0.00187913528194925,"explosives",240,0.00203167723421006,"neighborhood",508,0.00194218557047878,"office",1077,0.00180294497753433,"india",385,0.00221585284434929
"74",74,"los",43,0.00213431280091329,"william",45,0.0014739600393056,"govt",94,0.00150272568861605,"base",95,0.00141184163595292,"house",93,0.00141818015462738,"ireland",118,0.00186334422915976,"attacks",239,0.00202321191240085,"bomber",495,0.00189248397123424,"noted",1051,0.00175941984344344,"landmine",383,0.00220434192048254
"75",75,"thrown",43,0.00213431280091329,"assoc",43,0.00140845070422535,"catholic",93,0.00148673924512014,"policeman",95,0.00141184163595292,"deputy",92,0.0014029309056529,"camp",117,0.00184755317637027,"front",238,0.00201474659059164,"bus",495,0.00189248397123424,"suicide",1046,0.00175104962534904,"rocket",375,0.00215829822501554
"76",76,"air",42,0.0020846776194967,"firm",43,0.00140845070422535,"mayor",93,0.00148673924512014,"pipeline",94,0.00139698014504815,"pole",90,0.00137243240770392,"pipeline",117,0.00184755317637027,"campaign",237,0.00200628126878243,"algerian",494,0.00188866077129236,"market",1018,0.00170417640402038,"crude",345,0.0019856343670143
"77",77,"bombs",42,0.0020846776194967,"french",43,0.00140845070422535,"residence",93,0.00148673924512014,"sap",94,0.00139698014504815,"president",90,0.00137243240770392,"railway",117,0.00184755317637027,"israel",237,0.00200628126878243,"convoy",493,0.00188483757135047,"stated",1013,0.00169580618592598,"region",341,0.0019626125192808
"78",78,"cocktail",42,0.0020846776194967,"personnel",43,0.00140845070422535,"house",91,0.00145476635812831,"house",89,0.00132267269052431,"al",89,0.00135718315872943,"bombs",116,0.00183176212358078,"philippines",236,0.00199781594697322,"home",473,0.00180837357251272,"fired",975,0.00163219252840852,"grenade",339,0.00195110159541405
"79",79,"officer",42,0.0020846776194967,"power",43,0.00140845070422535,"protestant",90,0.00143877991463239,"fire",88,0.00130781119961955,"chief",89,0.00135718315872943,"liberation",116,0.00183176212358078,"patrol",230,0.00194702401611797,"damaging",467,0.0017854343728614,"india",973,0.00162884444117076,"taliban",339,0.00195110159541405
"80",80,"vehicle",42,0.0020846776194967,"james",42,0.00137569603668523,"defense",89,0.00142279347113648,"bridge",86,0.00127808821781001,"covenas",89,0.00135718315872943,"line",115,0.00181597107079129,"unidentified",226,0.00191316272888114,"officer",467,0.0017854343728614,"carried",957,0.00160205974326867,"soldier",317,0.0018244814328798
"81",81,"booby",41,0.00203504243808011,"minister",42,0.00137569603668523,"gun",88,0.00140680702764056,"united",86,0.00127808821781001,"grenades",89,0.00135718315872943,"house",114,0.0018001800180018,"explosion",224,0.00189623208526272,"military",466,0.00178161117291951,"sunni",953,0.00159536356879315,"egypt",316,0.00181872597094643
"82",82,"series",41,0.00203504243808011,"university",42,0.00137569603668523,"gasoline",87,0.00139082058414465,"firearms",84,0.00124836523600048,"ministry",89,0.00135718315872943,"power",113,0.00178438896521231,"united",216,0.00182850951078905,"causing",463,0.00177014157309385,"residence",946,0.00158364526346098,"targeting",313,0.0018014595851463
"83",83,"manhattan",40,0.00198540725666352,"ambassador",41,0.0013429413691451,"u.s",86,0.00137483414064873,"national",84,0.00124836523600048,"san",89,0.00135718315872943,"president",113,0.00178438896521231,"homemade",211,0.00178618290174301,"chief",462,0.00176631837315196,"suspected",937,0.00156857887089106,"planted",312,0.00179570412321293
"84",84,"related",40,0.00198540725666352,"factory",41,0.0013429413691451,"air",85,0.00135884769715281,"headquarters",81,0.00120378076328617,"vehicles",88,0.00134193390975494,"catholic",112,0.00176859791242282,"road",211,0.00178618290174301,"army",457,0.00174720237344252,"target",921,0.00154179417298897,"bus",310,0.00178419319934618
"85",85,"trap",40,0.00198540725666352,"juan",41,0.0013429413691451,"bldg",85,0.00135884769715281,"government",80,0.00118891927238141,"limon",86,0.00131143541180597,"israeli",111,0.00175280685963333,"baghdad",209,0.00176925225812459,"rockets",456,0.00174337917350064,"balochistan",915,0.00153174991127569,"hartal",308,0.00177268227547943
"86",86,"vietnam",39,0.00193577207524694,"la",41,0.0013429413691451,"british",85,0.00135884769715281,"mortar",80,0.00118891927238141,"railway",86,0.00131143541180597,"activists",110,0.00173701580684384,"grenades",203,0.00171846032726934,"armed",455,0.00173955597355875,"violence",911,0.00152505373680017,"shops",305,0.00175541588967931
"87",87,"angeles",38,0.00188613689383035,"timed",41,0.0013429413691451,"convoy",84,0.0013428612536569,"pole",80,0.00118891927238141,"cano",85,0.00129618616283148,"government",110,0.00173701580684384,"jammu",203,0.00171846032726934,"market",455,0.00173955597355875,"mosque",877,0.00146813625375823,"bangladesh's",301,0.00173239404194581
"88",88,"david",35,0.00173723134958058,"air",40,0.00131018670160498,"al",83,0.00132687481016098,"catholic",78,0.00115919629057187,"turkish",84,0.00128093691385699,"militants",110,0.00173701580684384,"damage",202,0.00170999500546013,"building",451,0.0017242631737912,"planted",877,0.00146813625375823,"nationwide",301,0.00173239404194581
"89",89,"caliber",34,0.00168759616816399,"barracks",40,0.00131018670160498,"abortion",82,0.00131088836666507,"security",77,0.0011443347996671,"private",83,0.0012656876648825,"train",105,0.00165806054289639,"gunmen",200,0.00169306436184172,"house",421,0.00160956717553458,"building",872,0.00145976603566383,"firearms",293,0.00168635034647881
"90",90,"foot",34,0.00168759616816399,"el",40,0.00131018670160498,"chief",82,0.00131088836666507,"singh",76,0.00112947330876234,"security",82,0.00125043841590802,"mosque",104,0.00164226949010691,"chechen",196,0.00165920307460488,"town",420,0.00160574397559269,"khyber",868,0.0014530698611883,"isil",290,0.00166908396067868
"91",91,"detonated",33,0.00163796098674741,"gas",40,0.00131018670160498,"hotel",82,0.00131088836666507,"rifle",75,0.00111461181785757,"bridge",81,0.00123518916693353,"minister",101,0.00159489633173844,"nepal",196,0.00165920307460488,"local",415,0.00158662797588325,"neighborhood",865,0.00144804773033166,"dhaka",286,0.00164606211294518
"92",92,"filled",33,0.00163796098674741,"restaurant",40,0.00131018670160498,"barracks",81,0.00129490192316915,"shop",74,0.0010997503269528,"candidate",81,0.00123518916693353,"workers",101,0.00159489633173844,"occurred",193,0.00163380710917726,"mosque",410,0.00156751197617382,"chief",854,0.00142963325052398,"kilogram",284,0.00163455118907844
"93",93,"residence",33,0.00163796098674741,"grenades",39,0.00127743203406485,"molotov",81,0.00129490192316915,"hq",73,0.00108488883604803,"guard",79,0.00120469066898455,"algerian",100,0.00157910527894895,"officers",192,0.00162534178736805,"incendiary",405,0.00154839597646438,"tribal",850,0.00142293707604845,"fired",283,0.00162879572714506
"94",94,"thomas",33,0.00163796098674741,"ministry",39,0.00127743203406485,"consulate",80,0.00127891547967324,"chief",72,0.00107002734514326,"market",79,0.00120469066898455,"grenades",100,0.00157910527894895,"unspecified",192,0.00162534178736805,"policemen",401,0.00153310317669683,"mortars",848,0.00141958898881069,"army",282,0.00162304026521169
"95",95,"discovered",32,0.00158832580533082,"official",39,0.00127743203406485,"president",80,0.00127891547967324,"tax",71,0.0010551658542385,"hindu",77,0.00117419217103558,"russian",100,0.00157910527894895,"aceh",188,0.00159148050013121,"mortar",399,0.00152545677681306,"party",846,0.00141624090157293,"balochistan",282,0.00162304026521169
"96",96,"government",32,0.00158832580533082,"electric",38,0.00124467736652473,"american",79,0.00126292903617732,"camp",70,0.00104030436333373,"court",74,0.00112844442411211,"wounded",100,0.00157910527894895,"policemen",188,0.00159148050013121,"ûªs",391,0.00149487117727796,"bus",841,0.00140787068347853,"threw",276,0.00158850749361144
"97",97,"illinois",32,0.00158832580533082,"explosives",38,0.00124467736652473,"officer",79,0.00126292903617732,"official",70,0.00104030436333373,"oil",74,0.00112844442411211,"family",99,0.00156331422615946,"de",187,0.001583015178322,"west",389,0.00148722477739418,"council",839,0.00140452259624077,"rifles",274,0.00157699656974469
"98",98,"rico",32,0.00158832580533082,"frg",38,0.00124467736652473,"submachine",79,0.00126292903617732,"restaurant",70,0.00104030436333373,"restaurant",74,0.00112844442411211,"rebels",98,0.00154752317336997,"northern",187,0.001583015178322,"muslim",388,0.0014834015774523,"person",826,0.00138276002919532,"retaliation",268,0.00154246379814444
"99",99,"union",32,0.00158832580533082,"truck",38,0.00124467736652473,"policeman",77,0.00123095614918549,"stations",69,0.00102544287242896,"base",73,0.00111319517513762,"mayor",97,0.00153173212058048,"suicide",187,0.001583015178322,"sri",386,0.00147575517756852,"local",821,0.00137438981110092,"residence",266,0.00153095287427769
"100",100,"armory",31,0.00153869062391423,"turkish",38,0.00124467736652473,"village",77,0.00123095614918549,"director",68,0.00101058138152419,"party",73,0.00111319517513762,"united",97,0.00153173212058048,"type",187,0.001583015178322,"national",385,0.00147193197762663,"grenades",819,0.00137104172386316,"office",264,0.00151944195041094
"101",101,"caused",31,0.00153869062391423,"commercial",37,0.00121192269898461,"shop",75,0.00119898326219366,"electric",68,0.00101058138152419,"protest",72,0.00109794592616314,"homemade",96,0.00151594106779099,"attackers",182,0.00154068856927596,"north",380,0.0014528159779172,"bombs",817,0.0013676936366254,"mosque",263,0.00151368648847757
"102",102,"explosives",31,0.00153869062391423,"catholics",36,0.00117916803144448,"train",75,0.00119898326219366,"el",67,0.000995719890619427,"workers",72,0.00109794592616314,"local",96,0.00151594106779099,"force",181,0.00153222324746675,"set",380,0.0014528159779172,"pakhtunkhwa",806,0.00134927915681771,"base",260,0.00149642010267744
"103",103,"firebombs",31,0.00153869062391423,"executive",36,0.00117916803144448,"ambushed",69,0.00110306460121817,"hall",67,0.000995719890619427,"company",71,0.00108269667718865,"store",96,0.00151594106779099,"injuring",181,0.00153222324746675,"rocket",379,0.00144899277797531,"attacks",802,0.00134258298234219,"grenades",260,0.00149642010267744
"104",104,"force",31,0.00153869062391423,"security",36,0.00117916803144448,"armed",68,0.00108707815772225,"market",67,0.000995719890619427,"brigade",70,0.00106744742821416,"officials",93,0.00146856790942252,"pakistan",181,0.00153222324746675,"leader",363,0.00138782157890511,"mortar",794,0.00132919063339114,"diyala",258,0.00148490917881069
"105",105,"hall",31,0.00153869062391423,"sniper",36,0.00117916803144448,"oil",68,0.00108707815772225,"ministry",67,0.000995719890619427,"holiday",68,0.00103694893026518,"residents",91,0.00143698580384354,"department",179,0.00151529260384834,"oil",362,0.00138399837896322,"sectarian",772,0.00129236167377577,"checkpost",253,0.00145613186914382
"106",106,"kill",31,0.00153869062391423,"union",36,0.00117916803144448,"owner",68,0.00108707815772225,"court",66,0.000980858399714659,"consulate",67,0.0010216996812907,"church",90,0.00142119475105405,"west",179,0.00151529260384834,"kidnapped",361,0.00138017517902134,"larger",769,0.00128733954291913,"levant",249,0.00143311002141032
"107",107,"sticks",31,0.00153869062391423,"american",35,0.00114641336390436,"pistols",68,0.00108707815772225,"president",66,0.000980858399714659,"jose",67,0.0010216996812907,"explosives",90,0.00142119475105405,"russia",177,0.00149836196022992,"campaign",354,0.00135341277942813,"national",768,0.00128566549930025,"ukraine",246,0.00141584363561019
"108",108,"catholics",30,0.00148905544249764,"bombs",35,0.00114641336390436,"secretary",68,0.00108707815772225,"church",65,0.000965996908809892,"la",67,0.0010216996812907,"person",90,0.00142119475105405,"victims",176,0.00148989663842071,"gas",353,0.00134958957948624,"base",762,0.00127562123758697,"remote",243,0.00139857724981007
"109",109,"connected",30,0.00148905544249764,"businessman",35,0.00114641336390436,"airport",67,0.00107109171422634,"farm",64,0.000951135417905124,"director",66,0.00100645043231621,"restaurant",89,0.00140540369826456,"indonesia",173,0.00146450067299308,"bombs",346,0.00132282717989303,"attached",761,0.00127394719396809,"school",241,0.00138706632594332
"110",110,"minor",30,0.00148905544249764,"carabinieri",35,0.00114641336390436,"newspaper",67,0.00107109171422634,"land",64,0.000951135417905124,"shop",66,0.00100645043231621,"city",87,0.00137382159268558,"family",172,0.00145603535118388,"liberation",345,0.00131900397995114,"diyala",749,0.00125385867054152,"north",240,0.00138131086400995
"111",111,"americans",29,0.00143942026108105,"carlos",35,0.00114641336390436,"security",67,0.00107109171422634,"limpet",64,0.000951135417905124,"minibus",63,0.000960702685392744,"protest",87,0.00137382159268558,"extremists",171,0.00144757002937467,"tribal",340,0.0012998879802417,"saladin",749,0.00125385867054152,"controlled",235,0.00135253355434307
"112",112,"cocktails",29,0.00143942026108105,"govt",35,0.00114641336390436,"united",67,0.00107109171422634,"officer",64,0.000951135417905124,"united",63,0.000960702685392744,"shop",87,0.00137382159268558,"market",171,0.00144757002937467,"official",339,0.00129606478029982,"assault",748,0.00125218462692264,"bangladesh",228,0.00131224532080945
"113",113,"consisting",29,0.00143942026108105,"rico",35,0.00114641336390436,"road",66,0.00105510527073042,"owned",64,0.000951135417905124,"force",62,0.000945453436418256,"assailants",85,0.00134223948710661,"spain",170,0.00143910470756546,"residence",337,0.00128841838041604,"gas",748,0.00125218462692264,"homemade",225,0.00129497893500932
"114",114,"joseph",29,0.00143942026108105,"robert",35,0.00114641336390436,"ave",64,0.00102313238373859,"persons",64,0.000951135417905124,"civilian",61,0.000930204187443768,"official",85,0.00134223948710661,"believed",167,0.00141370874213783,"workers",330,0.00126165598082283,"pipeline",745,0.001247162496066,"division",222,0.0012777125492092
"115",115,"washington",29,0.00143942026108105,"shop",35,0.00114641336390436,"juan",64,0.00102313238373859,"deputy",63,0.000936273927000357,"facilities",61,0.000930204187443768,"south",85,0.00134223948710661,"traveling",165,0.00139677809851942,"afghan",328,0.00125400958093905,"targeting",722,0.00120865949283175,"oblast",222,0.0012777125492092
"116",116,"michael",28,0.00138978507966447,"spanish",35,0.00114641336390436,"official",64,0.00102313238373859,"district",63,0.000936273927000357,"govt",61,0.000930204187443768,"embassy",84,0.00132644843431712,"civilian",162,0.00137138213309179,"homemade",322,0.00123107038128773,"mine",719,0.0012036373619751,"post",222,0.0012777125492092
"117",117,"community",27,0.00134014989824788,"agency",34,0.00111365869636423,"cocktail",63,0.00100714594024267,"south",63,0.000936273927000357,"propelled",61,0.000930204187443768,"govt",84,0.00132644843431712,"set",162,0.00137138213309179,"pipeline",321,0.00122724718134584,"region",712,0.00119191905664294,"vehicles",215,0.00123742431567558
"118",118,"home",27,0.00134014989824788,"british",34,0.00111365869636423,"light",63,0.00100714594024267,"jeep",62,0.000921412436095589,"family",60,0.00091495493846928,"road",84,0.00132644843431712,"post",161,0.00136291681128258,"checkpoint",318,0.00121577758152018,"oil",685,0.00114671987893317,"libya",213,0.00122591339180883
"119",119,"patrick",27,0.00134014989824788,"club",34,0.00111365869636423,"luis",63,0.00100714594024267,"explosives",61,0.000906550945190822,"central",59,0.000899705689494792,"clinic",82,0.00129486632873814,"responsible",160,0.00135445148947337,"ied",318,0.00121577758152018,"kirkuk",670,0.00112160922464996,"saladin",204,0.00117411423440845
"120",120,"rican",27,0.00134014989824788,"manager",34,0.00111365869636423,"municipal",63,0.00100714594024267,"u.s",61,0.000906550945190822,"airport",58,0.000884456440520304,"injuries",82,0.00129486632873814,"destabilize",158,0.00133752084585496,"mosul",312,0.00119283838186886,"trend",670,0.00112160922464996,"sinai",199,0.00114533692474158
"121",121,"threw",27,0.00134014989824788,"mayor",34,0.00111365869636423,"restaurant",63,0.00100714594024267,"african",60,0.000891689454286054,"taxi",58,0.000884456440520304,"bldg",81,0.00127907527594865,"u.s",158,0.00133752084585496,"rebels",305,0.00116607598227565,"khan",666,0.00111491305017444,"car",198,0.0011395814628082
"122",122,"window",27,0.00134014989824788,"bar",33,0.00108090402882411,"carlos",60,0.000959186609754928,"shopping",58,0.000861966472476519,"barracks",57,0.000869207191545816,"gas",81,0.00127907527594865,"farc",154,0.00130365955861812,"tamil",302,0.00115460638244998,"benghazi",663,0.00110989091931779,"victims",198,0.0011395814628082
"123",123,"armed",26,0.00129051471683129,"central",33,0.00108090402882411,"private",59,0.000943200166259012,"juan",57,0.000847104981571751,"van",57,0.000869207191545816,"lanka",81,0.00127907527594865,"afghanistan",151,0.0012782635931905,"council",299,0.00114313678262432,"homemade",662,0.00110821687569891,"headquarters",192,0.00110504869120796
"124",124,"colorado",26,0.00129051471683129,"coffee",33,0.00108090402882411,"minister",58,0.000927213722763097,"peasants",57,0.000847104981571751,"church",56,0.000853957942571328,"athens",80,0.00126328422315916,"school",151,0.0012782635931905,"firearm",294,0.00112402078291488,"controlled",658,0.00110152070122339,"building",191,0.00109929322927458
"125",125,"estimated",26,0.00129051471683129,"facility",33,0.00108090402882411,"hall",57,0.000911227279267181,"protestant",57,0.000847104981571751,"foreigners",56,0.000853957942571328,"propelled",80,0.00126328422315916,"ûªs",151,0.0012782635931905,"believed",292,0.00111637438303111,"north",657,0.00109984665760451,"yemen",191,0.00109929322927458
"126",126,"inch",26,0.00129051471683129,"grenade",33,0.00108090402882411,"main",57,0.000911227279267181,"transmission",57,0.000847104981571751,"electrical",55,0.00083870869359684,"activist",78,0.00123170211758018,"minister",149,0.00126133294957208,"injuries",290,0.00110872798314733,"kilograms",651,0.00108980239589123,"assailant",189,0.00108778230540783
"127",127,"plant",26,0.00129051471683129,"local",33,0.00108090402882411,"pipeline",57,0.000911227279267181,"buses",56,0.000832243490666984,"fire",55,0.00083870869359684,"ambush",78,0.00123170211758018,"gas",148,0.00125286762776287,"kirkuk",288,0.00110108158326356,"nineveh",648,0.00108478026503459,"people's",189,0.00108778230540783
"128",128,"powder",26,0.00129051471683129,"business",32,0.00104814936128398,"court",55,0.000879254392275351,"lines",56,0.000832243490666984,"mosque",55,0.00083870869359684,"hotel",78,0.00123170211758018,"oil",145,0.00122747166233524,"type",287,0.00109725838332167,"mosul",646,0.00108143217779682,"set",189,0.00108778230540783
"129",129,"robert",26,0.00129051471683129,"fiat",32,0.00104814936128398,"substation",55,0.000879254392275351,"minister",56,0.000832243490666984,"air",54,0.000823459444622352,"molotov",78,0.00123170211758018,"center",144,0.00121900634052604,"devices",283,0.00108196558355412,"official",645,0.00107975813417794,"shabaab",188,0.00108202684347446
"130",130,"francisco",25,0.0012408795354147,"justice",32,0.00104814936128398,"university",55,0.000879254392275351,"air",55,0.000817381999762216,"businessman",54,0.000823459444622352,"policemen",78,0.00123170211758018,"company",141,0.00119361037509841,"targeting",281,0.00107431918367035,"damaged",636,0.00106469174160802,"somalia",188,0.00108202684347446
"131",131,"officers",25,0.0012408795354147,"prison",32,0.00104814936128398,"central",54,0.000863267948779435,"clinic",55,0.000817381999762216,"french",54,0.000823459444622352,"shot",78,0.00123170211758018,"grozny",141,0.00119361037509841,"arms",280,0.00107049598372846,"libya",620,0.00103790704370593,"truck",187,0.00107627138154108
"132",132,"attack",24,0.00119124435399811,"san",32,0.00104814936128398,"deputy",54,0.000863267948779435,"facilities",55,0.000817381999762216,"pylon",54,0.000823459444622352,"candidate",77,0.00121591106479069,"iraqi",141,0.00119361037509841,"ltte",279,0.00106667278378657,"checkpost",619,0.00103623300008705,"abducted",186,0.00107051591960771
"133",133,"jewish",24,0.00119124435399811,"booby",31,0.00101539469374386,"factory",54,0.000863267948779435,"factory",55,0.000817381999762216,"road",54,0.000823459444622352,"journalist",77,0.00121591106479069,"found",139,0.00117667973147999,"explosion",275,0.00105137998401902,"borne",605,0.00101279638942272,"philippines",184,0.00105900499574096
"134",134,"president",24,0.00119124435399811,"cocktail",31,0.00101539469374386,"institute",53,0.00084728150528352,"powerline",55,0.000817381999762216,"singh",54,0.000823459444622352,"political",77,0.00121591106479069,"srinagar",139,0.00117667973147999,"planted",267,0.00102079438448393,"attributed",603,0.00100944830218496,"tribal",183,0.00105324953380758
"135",135,"st",24,0.00119124435399811,"oil",31,0.00101539469374386,"local",53,0.00084728150528352,"sabotage",55,0.000817381999762216,"electric",53,0.000808210195647864,"agency",75,0.00118432895921171,"inside",138,0.00116821440967078,"shop",265,0.00101314798460015,"colonel",599,0.00100275212770944,"gas",179,0.00103022768607408
"136",136,"church",23,0.00114160917258153,"trap",31,0.00101539469374386,"protest",53,0.00084728150528352,"apra",54,0.000802520508857449,"infantry",53,0.000808210195647864,"border",74,0.00116853790642222,"local",136,0.00115128376605237,"southern",265,0.00101314798460015,"polling",597,0.000999404040471678,"party",178,0.00102447222414071
"137",137,"court",23,0.00114160917258153,"dealer",30,0.000982640026203734,"soldier",53,0.00084728150528352,"candidate",54,0.000802520508857449,"main",53,0.000808210195647864,"lebanon",74,0.00116853790642222,"checkpoint",134,0.00113435312243395,"borne",264,0.00100932478465826,"rifles",596,0.000997729996852798,"leader",177,0.00101871676220733
"138",138,"florida",23,0.00114160917258153,"department",30,0.000982640026203734,"raid",52,0.000831295061787604,"practice",54,0.000802520508857449,"wife",53,0.000808210195647864,"set",74,0.00116853790642222,"gaza",134,0.00113435312243395,"lanka",263,0.00100550158471638,"headquarters",590,0.000987685735139515,"mm",177,0.00101871676220733
"139",139,"hotel",23,0.00114160917258153,"luis",30,0.000982640026203734,"student",51,0.000815308618291689,"pylons",54,0.000802520508857449,"el",52,0.000792960946673376,"headquarters",73,0.00115274685363273,"violence",134,0.00113435312243395,"attacks",260,0.000994031984890714,"motorcycle",588,0.000984337647901754,"petrol",177,0.00101871676220733
"140",140,"house",23,0.00114160917258153,"son",30,0.000982640026203734,"antonio",49,0.000783335731299858,"election",53,0.000787659017952681,"shopping",52,0.000792960946673376,"pipe",73,0.00115274685363273,"caused",133,0.00112588780062474,"central",260,0.000994031984890714,"threw",588,0.000984337647901754,"anbar",173,0.000995694914473836
"141",141,"itt",23,0.00114160917258153,"african",29,0.00094988535866361,"belonging",49,0.000783335731299858,"oil",53,0.000787659017952681,"soldiers",52,0.000792960946673376,"force",72,0.00113695580084324,"house",130,0.00110049183519712,"company",259,0.000990208784948826,"united",587,0.000982663604282873,"artillery",172,0.000989939452540461
"142",142,"mexican",23,0.00114160917258153,"arms",29,0.00094988535866361,"businessman",49,0.000783335731299858,"operating",53,0.000787659017952681,"factory",51,0.000777711697698888,"injuring",72,0.00113695580084324,"pipe",130,0.00110049183519712,"shi",253,0.000967269585297502,"bomber",586,0.000980989560663993,"propelled",172,0.000989939452540461
"143",143,"power",23,0.00114160917258153,"cocktails",29,0.00094988535866361,"carrying",49,0.000783335731299858,"supermarket",53,0.000787659017952681,"helicopter",51,0.000777711697698888,"istanbul",71,0.00112116474805375,"border",129,0.00109202651338791,"ministry",251,0.000959623185413728,"ali",585,0.000979315517045112,"khan",170,0.000978428528673711
"144",144,"subsequently",23,0.00114160917258153,"district",29,0.00094988535866361,"coffee",49,0.000783335731299858,"telephone",52,0.000772797527047913,"soldier",51,0.000777711697698888,"specific",71,0.00112116474805375,"headquarters",128,0.0010835611915787,"road",250,0.00095579998547184,"victim",577,0.000965923168094068,"huthis",168,0.000966917604806962
"145",145,"electric",22,0.00109197399116494,"joseph",29,0.00094988535866361,"professor",49,0.000783335731299858,"helicopter",51,0.000757936036143146,"bar",50,0.0007624624487244,"attacks",69,0.00108958264247477,"leader",128,0.0010835611915787,"front",246,0.000940507185704291,"retaliation",575,0.000962575080856307,"maoists",166,0.000955406680940212
"146",146,"intimidate",22,0.00109197399116494,"navy",29,0.00094988535866361,"santa",49,0.000783335731299858,"luis",51,0.000757936036143146,"clinic",50,0.0007624624487244,"company",69,0.00108958264247477,"rockets",128,0.0010835611915787,"united",246,0.000940507185704291,"communities",562,0.00094081251381086,"ali",164,0.000943895757073463
"147",147,"time",22,0.00109197399116494,"personally",29,0.00094988535866361,"agency",48,0.000767349287803942,"puerto",50,0.000743074545238378,"driver",50,0.0007624624487244,"de",69,0.00108958264247477,"el",127,0.00107509586976949,"truck",245,0.000936683985762403,"anti",553,0.000925746121240935,"chief",164,0.000943895757073463
"148",148,"vehicles",22,0.00109197399116494,"protest",29,0.00094988535866361,"church",48,0.000767349287803942,"force",49,0.000728213054333611,"hq",50,0.0007624624487244,"guard",69,0.00108958264247477,"mention",125,0.00105816522615107,"blast",244,0.000932860785820516,"employee",549,0.000919049946765413,"power",163,0.000938140295140088
"149",149,"ambassador",21,0.00104233880974835,"railroad",29,0.00094988535866361,"public",48,0.000767349287803942,"shops",49,0.000728213054333611,"plant",50,0.0007624624487244,"male",69,0.00108958264247477,"kidnapped",124,0.00104969990434186,"dead",243,0.000929037585878629,"sindh",549,0.000919049946765413,"workers",162,0.000932384833206713
"150",150,"battery",21,0.00104233880974835,"rican",29,0.00094988535866361,"ulster",48,0.000767349287803942,"banks",47,0.000698490072524076,"practice",50,0.0007624624487244,"minor",69,0.00108958264247477,"settlement",124,0.00104969990434186,"insurgents",243,0.000929037585878629,"islamic",548,0.000917375903146532,"national",161,0.000926629371273338
"151",151,"consul",21,0.00104233880974835,"south",29,0.00094988535866361,"district",47,0.000751362844308027,"housing",47,0.000698490072524076,"secretary",50,0.0007624624487244,"algiers",68,0.00107379158968528,"truck",124,0.00104969990434186,"carrying",241,0.000921391185994854,"weighing",548,0.000917375903146532,"benghazi",157,0.000903607523539839
"152",152,"liberation",21,0.00104233880974835,"tower",29,0.00094988535866361,"facility",47,0.000751362844308027,"carlos",46,0.000683628581619308,"owned",49,0.000747213199749912,"civilian",67,0.00105800053689579,"person",123,0.00104123458253265,"grenades",237,0.000906098386227305,"minority",538,0.000900635466957727,"shiite",156,0.000897852061606464
"153",153,"owned",21,0.00104233880974835,"auto",28,0.000917130691123485,"hacienda",47,0.000751362844308027,"supermarkets",46,0.000683628581619308,"son",49,0.000747213199749912,"believed",66,0.00104220948410631,"bomber",122,0.00103276926072345,"israel",237,0.000906098386227305,"post",535,0.000895613336101085,"shot",156,0.000897852061606464
"154",154,"savings",21,0.00104233880974835,"court",28,0.000917130691123485,"propelled",46,0.000735376400812111,"water",46,0.000683628581619308,"club",48,0.000731963950775424,"businessman",66,0.00104220948410631,"mine",122,0.00103276926072345,"governorate",235,0.00089845198634353,"iraqi",526,0.000880546943531161,"commander",155,0.00089209659967309
"155",155,"secretary",21,0.00104233880974835,"industrialist",28,0.000917130691123485,"rifles",46,0.000735376400812111,"secretary",45,0.00066876709071454,"employee",48,0.000731963950775424,"front",66,0.00104220948410631,"muslim",122,0.00103276926072345,"israeli",231,0.00088315918657598,"anbar",523,0.000875524812674519,"khyber",154,0.000886341137739715
"156",156,"clock",20,0.000992703628331762,"train",28,0.000917130691123485,"royal",46,0.000735376400812111,"st",45,0.00066876709071454,"tourist",48,0.000731963950775424,"pakistan",65,0.00102641843131682,"officer",122,0.00103276926072345,"sunni",230,0.000879335986634093,"majority",518,0.000867154594580116,"muhammad",151,0.000869074751939591
"157",157,"cuban",20,0.000992703628331762,"unit",28,0.000917130691123485,"south",46,0.000735376400812111,"anti",44,0.000653905599809773,"axe",47,0.000716714701800936,"pylon",64,0.00101062737852733,"planted",122,0.00103276926072345,"tigers",230,0.000879335986634093,"shop",516,0.000863806507342355,"pakhtunkhwa",151,0.000869074751939591
"158",158,"east",20,0.000992703628331762,"council",27,0.000884376023583361,"wife",46,0.000735376400812111,"cano",44,0.000653905599809773,"hall",47,0.000716714701800936,"damaged",63,0.000994836325737837,"rifles",122,0.00103276926072345,"nepal",227,0.000867866386808431,"intimidate",513,0.000858784376485714,"construction",150,0.000863319290006216
"159",159,"facility",20,0.000992703628331762,"david",27,0.000884376023583361,"base",45,0.000719389957316196,"health",44,0.000653905599809773,"checkpoint",46,0.000701465452826448,"democratic",63,0.000994836325737837,"soldier",122,0.00103276926072345,"blew",224,0.000856396786982769,"somalia",504,0.000843717983915789,"council",150,0.000863319290006216
"160",160,"gun",20,0.000992703628331762,"dept",27,0.000884376023583361,"civilian",45,0.000719389957316196,"main",44,0.000653905599809773,"housing",46,0.000701465452826448,"angola",62,0.000979045272948348,"workers",122,0.00103276926072345,"frontier",224,0.000856396786982769,"thailand",502,0.000840369896678028,"believed",149,0.000857563828072841
"161",161,"kansas",20,0.000992703628331762,"deputy",27,0.000884376023583361,"cultural",45,0.000719389957316196,"pistols",44,0.000653905599809773,"municipal",46,0.000701465452826448,"indian",62,0.000979045272948348,"sri",121,0.00102430393891424,"bank",223,0.000852573587040881,"yemen",499,0.000835347765821386,"camp",147,0.000846052904206092
"162",162,"movement",20,0.000992703628331762,"german",27,0.000884376023583361,"facilities",45,0.000719389957316196,"road",44,0.000653905599809773,"operating",46,0.000701465452826448,"planted",62,0.000979045272948348,"hotel",120,0.00101583861710503,"maoist",223,0.000852573587040881,"construction",495,0.000828651591345864,"restaurant",144,0.000828786518405967
"163",163,"tossed",20,0.000992703628331762,"international",27,0.000884376023583361,"farm",45,0.000719389957316196,"antonio",43,0.000639044108905005,"policemen",46,0.000701465452826448,"soldier",62,0.000979045272948348,"citizens",119,0.00100737329529582,"yala",220,0.000841103987215219,"home",491,0.000821955416870342,"abu",143,0.000823031056472592
"164",164,"county",19,0.000943068446915174,"manuel",27,0.000884376023583361,"fire",45,0.000719389957316196,"consulate",43,0.000639044108905005,"sabotage",46,0.000701465452826448,"abortion",61,0.000963254220158858,"gun",118,0.000998907973486612,"balochistan",218,0.000833457587331445,"incendiary",490,0.000820281373251461,"guns",143,0.000823031056472592
"165",165,"el",19,0.000943068446915174,"owner",27,0.000884376023583361,"stations",45,0.000719389957316196,"defused",43,0.000639044108905005,"juan",45,0.00068621620385196,"chief",61,0.000963254220158858,"ireland",117,0.000990442651677403,"extremists",216,0.00082581118744767,"afghan",486,0.000813585198775939,"machine",142,0.000817275594539218
"166",166,"federal",19,0.000943068446915174,"package",27,0.000884376023583361,"airlines",44,0.00070340351382028,"agricultural",42,0.000624182618000238,"public",45,0.00068621620385196,"explosion",61,0.000963254220158858,"church",115,0.000973512008058986,"damaged",215,0.000821987987505783,"road",484,0.000810237111538178,"mortar",139,0.000800009208739093
"167",167,"incidents",19,0.000943068446915174,"rifles",27,0.000884376023583361,"sabotage",44,0.00070340351382028,"councilman",42,0.000624182618000238,"radio",45,0.00068621620385196,"sla",61,0.000963254220158858,"weapon",115,0.000973512008058986,"communist",213,0.000814341587622008,"head",480,0.000803540937062656,"rifle",139,0.000800009208739093
"168",168,"juan",19,0.000943068446915174,"market",26,0.000851621356043236,"vehicles",44,0.00070340351382028,"sadf",42,0.000624182618000238,"telephone",45,0.00068621620385196,"union",59,0.000931672114579879,"automatic",114,0.000965046686249778,"eelam",213,0.000814341587622008,"workers",477,0.000798518806206015,"united",133,0.000765476437138845
"169",169,"protestants",19,0.000943068446915174,"martin",26,0.000851621356043236,"arson",43,0.000687417070324365,"union",42,0.000624182618000238,"council",44,0.000670966954877472,"detonated",58,0.00091588106179039,"north",114,0.000965046686249778,"mortars",213,0.000814341587622008,"nigeria",471,0.000788474544492731,"shop",132,0.00075972097520547
"170",170,"charles",18,0.000893433265498585,"student",26,0.000851621356043236,"attack",43,0.000687417070324365,"university",42,0.000624182618000238,"department",44,0.000670966954877472,"vehicles",58,0.00091588106179039,"time",114,0.000965046686249778,"policeman",213,0.000814341587622008,"sahwa",464,0.000776756239160568,"nigeria",131,0.000753965513272095
"171",171,"college",18,0.000893433265498585,"telephone",26,0.000851621356043236,"business",43,0.000687417070324365,"american",41,0.00060932112709547,"journalist",44,0.000670966954877472,"arson",57,0.0009000900090009,"villagers",114,0.000965046686249778,"somalia",213,0.000814341587622008,"armed",463,0.000775082195541687,"npa",130,0.00074821005133872
"172",172,"death",18,0.000893433265498585,"tourist",26,0.000851621356043236,"rancher",43,0.000687417070324365,"casualties",41,0.00060932112709547,"manager",44,0.000670966954877472,"attackers",57,0.0009000900090009,"camp",113,0.000956581364440569,"deputy",211,0.000806695187738233,"boko",462,0.000773408151922807,"refugee",130,0.00074821005133872
"173",173,"destroyed",18,0.000893433265498585,"tv",26,0.000851621356043236,"teacher",43,0.000687417070324365,"colonel",41,0.00060932112709547,"person",44,0.000670966954877472,"bar",57,0.0009000900090009,"guns",113,0.000956581364440569,"morning",211,0.000806695187738233,"elections",461,0.000771734108303926,"launchers",129,0.000742454589405346
"174",174,"exploitation",18,0.000893433265498585,"italian",25,0.000818866688503112,"union",43,0.000687417070324365,"credit",41,0.00060932112709547,"facility",43,0.000655717705902984,"extremists",57,0.0009000900090009,"palestinian",113,0.000956581364440569,"minister",210,0.000802871987796346,"shabaab",458,0.000766711977447284,"railway",129,0.000742454589405346
"175",175,"iowa",18,0.000893433265498585,"mine",25,0.000818866688503112,"bar",42,0.000671430626828449,"dept",41,0.00060932112709547,"moslem",43,0.000655717705902984,"owned",57,0.0009000900090009,"threw",113,0.000956581364440569,"head",209,0.000799048787854458,"thrown",457,0.000765037933828404,"donetsk",127,0.000730943665538596
"176",176,"land",18,0.000893433265498585,"palace",25,0.000818866688503112,"land",42,0.000671430626828449,"rico",41,0.00060932112709547,"cultural",42,0.000640468456928496,"bridge",56,0.000884298956211411,"democratic",112,0.000948116042631361,"mine",208,0.000795225587912571,"hand",456,0.000763363890209523,"inside",127,0.000730943665538596
"177",177,"letter",18,0.000893433265498585,"protestants",25,0.000818866688503112,"maria",42,0.000671430626828449,"vice",41,0.00060932112709547,"explosives",42,0.000640468456928496,"indonesia",56,0.000884298956211411,"central",111,0.000939650720822152,"northern",208,0.000795225587912571,"officials",456,0.000763363890209523,"tripoli",127,0.000730943665538596
"178",178,"michigan",18,0.000893433265498585,"supermarket",25,0.000818866688503112,"soldiers",42,0.000671430626828449,"airport",40,0.000594459636190703,"government",42,0.000640468456928496,"caused",55,0.000868507903421921,"strip",111,0.000939650720822152,"threw",208,0.000795225587912571,"camp",453,0.000758341759352882,"employee",126,0.000725188203605221
"179",179,"mine",18,0.000893433265498585,"al",24,0.000786112020962987,"caliber",41,0.000655444183332534,"french",40,0.000594459636190703,"guards",42,0.000640468456928496,"france",55,0.000868507903421921,"macedonia",110,0.000931185399012944,"targets",207,0.000791402387970684,"karachi",452,0.000756667715734001,"front",125,0.000719432741671847
"180",180,"motive",18,0.000893433265498585,"base",24,0.000786112020962987,"clinic",41,0.000655444183332534,"indian",40,0.000594459636190703,"jeep",42,0.000640468456928496,"passenger",55,0.000868507903421921,"south",110,0.000931185399012944,"post",206,0.000787579188028796,"militants",443,0.000741601323164076,"motorcycle",122,0.000702166355871722
"181",181,"oil",18,0.000893433265498585,"bookstore",24,0.000786112020962987,"commercial",41,0.000655444183332534,"john",40,0.000594459636190703,"jewish",42,0.000640468456928496,"belfast",54,0.000852716850632432,"thrown",108,0.000914254755394526,"construction",204,0.000779932788145022,"kg",440,0.000736579192307435,"rpgs",122,0.000702166355871722
"182",182,"program",18,0.000893433265498585,"cars",24,0.000786112020962987,"francisco",41,0.000655444183332534,"judge",40,0.000594459636190703,"student",42,0.000640468456928496,"campaign",54,0.000852716850632432,"president",107,0.000905789433585318,"destabilize",202,0.000772286388261247,"commander",435,0.000728208974213032,"anti",121,0.000696410893938347
"183",183,"usis",18,0.000893433265498585,"cuban",24,0.000786112020962987,"soviet",41,0.000655444183332534,"rail",40,0.000594459636190703,"defense",41,0.000625219207954008,"election",54,0.000852716850632432,"related",107,0.000905789433585318,"political",200,0.000764639988377472,"candidate",434,0.000726534930594152,"pipeline",120,0.000690655432004973
"184",184,"wisconsin",18,0.000893433265498585,"cultural",24,0.000786112020962987,"turkish",41,0.000655444183332534,"soldiers",40,0.000594459636190703,"election",41,0.000625219207954008,"fired",54,0.000852716850632432,"movement",106,0.000897324111776109,"diyala",197,0.00075317038855181,"explosion",434,0.000726534930594152,"abdul",118,0.000679144508138223
"185",185,"attacks",17,0.000843798084081997,"driver",24,0.000786112020962987,"water",41,0.000655444183332534,"theater",40,0.000594459636190703,"owner",41,0.000625219207954008,"greece",54,0.000852716850632432,"train",106,0.000897324111776109,"remote",197,0.00075317038855181,"haram",434,0.000726534930594152,"center",118,0.000679144508138223
"186",186,"board",17,0.000843798084081997,"main",24,0.000786112020962987,"colonel",39,0.000623471296340703,"van",40,0.000594459636190703,"teacher",41,0.000625219207954008,"hq",54,0.000852716850632432,"belonging",105,0.000888858789966901,"driver",196,0.000749347188609923,"center",433,0.000724860886975271,"official",116,0.000667633584271474
"187",187,"bronx",17,0.000843798084081997,"pipe",24,0.000786112020962987,"department",39,0.000623471296340703,"women's",40,0.000594459636190703,"temple",41,0.000625219207954008,"information",54,0.000852716850632432,"bombing",105,0.000888858789966901,"gaza",194,0.000741700788726148,"day",430,0.000719838756118629,"sheikh",116,0.000667633584271474
"188",188,"courthouse",17,0.000843798084081997,"railway",24,0.000786112020962987,"gas",39,0.000623471296340703,"worker",40,0.000594459636190703,"food",40,0.00060996995897952,"motive",54,0.000852716850632432,"elections",105,0.000888858789966901,"inside",194,0.000741700788726148,"propelled",430,0.000719838756118629,"pistol",115,0.000661878122338099
"189",189,"george",17,0.000843798084081997,"secretary",24,0.000786112020962987,"labor",39,0.000623471296340703,"tank",39,0.000579598145285935,"gas",40,0.00060996995897952,"spain",54,0.000852716850632432,"rocket",103,0.000871928146348483,"center",193,0.000737877588784261,"authorities",428,0.000716490668880868,"battalion",112,0.000644611736537975
"190",190,"independence",17,0.000843798084081997,"thomas",24,0.000786112020962987,"son",39,0.000623471296340703,"bar",38,0.000564736654381168,"major",40,0.00060996995897952,"sustained",54,0.000852716850632432,"defused",102,0.000863462824539275,"force",192,0.000734054388842373,"muhammad",426,0.000713142581643107,"attached",110,0.000633100812671225
"191",191,"oregon",17,0.000843798084081997,"village",24,0.000786112020962987,"ambush",38,0.000607484852844788,"club",38,0.000564736654381168,"mohammed",40,0.00060996995897952,"al",53,0.000836925797842942,"left",102,0.000863462824539275,"indian",191,0.000730231188900486,"multiple",424,0.000709794494405346,"liberation",110,0.000633100812671225
"192",192,"paul",17,0.000843798084081997,"airline",23,0.000753357353422863,"constabulary",38,0.000607484852844788,"cooperative",38,0.000564736654381168,"homemade",39,0.000594720710005032,"central",53,0.000836925797842942,"mortar",102,0.000863462824539275,"ali",186,0.000711115189191049,"information",423,0.000708120450786466,"government",108,0.000621589888804475
"193",193,"reserve",17,0.000843798084081997,"corp",23,0.000753357353422863,"african",37,0.000591498409348872,"lt",38,0.000564736654381168,"protestant",39,0.000594720710005032,"troops",53,0.000836925797842942,"targeted",102,0.000863462824539275,"evening",186,0.000711115189191049,"ukraine",422,0.000706446407167585,"head",108,0.000621589888804475
"194",194,"street",17,0.000843798084081997,"forces",23,0.000753357353422863,"buses",37,0.000591498409348872,"political",38,0.000564736654381168,"carlos",38,0.000579471461030544,"officer",52,0.000821134745053453,"defense",101,0.000854997502730066,"claims",185,0.000707291989249162,"hidden",412,0.00068970597097878,"road",108,0.000621589888804475
"195",195,"arson",16,0.000794162902665409,"knife",23,0.000753357353422863,"governor",37,0.000591498409348872,"aprista",37,0.0005498751634764,"colonel",38,0.000579471461030544,"el",51,0.000805343692263963,"note",101,0.000854997502730066,"community",182,0.0006958223894235,"truck",409,0.000684683840122138,"babil",107,0.000615834426871101
"196",196,"denver",16,0.000794162902665409,"pacific",23,0.000753357353422863,"guards",37,0.000591498409348872,"defense",37,0.0005498751634764,"lb",38,0.000579471461030544,"ministry",51,0.000805343692263963,"victim",101,0.000854997502730066,"region",180,0.000688175989539725,"personnel",398,0.000666269360314452,"informant",107,0.000615834426871101
"197",197,"devices",16,0.000794162902665409,"york",23,0.000753357353422863,"gunfire",37,0.000591498409348872,"limon",37,0.0005498751634764,"political",38,0.000579471461030544,"related",51,0.000805343692263963,"people's",100,0.000846532180920858,"motorcycle",178,0.00068052958965595,"iraq's",395,0.000661247229457811,"residential",107,0.000615834426871101
"198",198,"district",16,0.000794162902665409,"armed",22,0.000720602685882738,"miguel",37,0.000591498409348872,"local",37,0.0005498751634764,"rally",38,0.000579471461030544,"tamil",51,0.000805343692263963,"ambushed",99,0.000838066859111649,"responsible",177,0.000676706389714063,"occurred",392,0.000656225098601169,"armed",106,0.000610078964937726
"199",199,"failed",16,0.000794162902665409,"caliber",22,0.000720602685882738,"practice",37,0.000591498409348872,"palace",37,0.0005498751634764,"retired",38,0.000579471461030544,"ak",50,0.000789552639474474,"guard",99,0.000838066859111649,"eastern",176,0.000672883189772176,"vehicles",391,0.000654551054982289,"operation",106,0.000610078964937726
"200",200,"gas",16,0.000794162902665409,"consul",22,0.000720602685882738,"rockets",37,0.000591498409348872,"ambush",36,0.000535013672571632,"vice",38,0.000579471461030544,"court",50,0.000789552639474474,"hand",99,0.000838066859111649,"perpetrator",176,0.000672883189772176,"abdul",390,0.000652877011363408,"suicide",106,0.000610078964937726
